<?xml version="1.0" encoding="UTF-8" standalone="yes"?>
<person:person xmlns:address="http://www.orcid.org/ns/address" xmlns:email="http://www.orcid.org/ns/email" xmlns:history="http://www.orcid.org/ns/history" xmlns:employment="http://www.orcid.org/ns/employment" xmlns:education="http://www.orcid.org/ns/education" xmlns:other-name="http://www.orcid.org/ns/other-name" xmlns:deprecated="http://www.orcid.org/ns/deprecated" xmlns:funding="http://www.orcid.org/ns/funding" xmlns:research-resource="http://www.orcid.org/ns/research-resource" xmlns:service="http://www.orcid.org/ns/service" xmlns:researcher-url="http://www.orcid.org/ns/researcher-url" xmlns:distinction="http://www.orcid.org/ns/distinction" xmlns:internal="http://www.orcid.org/ns/internal" xmlns:membership="http://www.orcid.org/ns/membership" xmlns:person="http://www.orcid.org/ns/person" xmlns:personal-details="http://www.orcid.org/ns/personal-details" xmlns:bulk="http://www.orcid.org/ns/bulk" xmlns:common="http://www.orcid.org/ns/common" xmlns:record="http://www.orcid.org/ns/record" xmlns:keyword="http://www.orcid.org/ns/keyword" xmlns:activities="http://www.orcid.org/ns/activities" xmlns:qualification="http://www.orcid.org/ns/qualification" xmlns:external-identifier="http://www.orcid.org/ns/external-identifier" xmlns:error="http://www.orcid.org/ns/error" xmlns:preferences="http://www.orcid.org/ns/preferences" xmlns:invited-position="http://www.orcid.org/ns/invited-position" xmlns:work="http://www.orcid.org/ns/work" xmlns:peer-review="http://www.orcid.org/ns/peer-review">
    <person:name visibility="public" path="0009-0002-1923-0773">
        <common:created-date>2025-07-22T23:39:52.551Z</common:created-date>
        <common:last-modified-date>2025-07-22T23:39:52.551Z</common:last-modified-date>
        <personal-details:given-names>José Manuel </personal-details:given-names>
        <personal-details:family-name>Mota Burruezo </personal-details:family-name>
    </person:name>
    <other-name:other-names/>
    <researcher-url:researcher-urls>
        <researcher-url:researcher-url put-code="5575616" visibility="public" display-index="2">
            <common:created-date>2025-07-22T23:44:00.457Z</common:created-date>
            <common:last-modified-date>2025-07-22T23:44:57.631Z</common:last-modified-date>
            <common:source>
                <common:source-orcid>
                    <common:uri>https://orcid.org/0009-0002-1923-0773</common:uri>
                    <common:path>0009-0002-1923-0773</common:path>
                    <common:host>orcid.org</common:host>
                </common:source-orcid>
                <common:source-name>José Manuel  Mota Burruezo </common:source-name>
            </common:source>
            <researcher-url:url-name>Obra Creativa tecnica</researcher-url:url-name>
            <researcher-url:url>https://www.safecreative.org/creators/JMMB84</researcher-url:url>
        </researcher-url:researcher-url>
        <researcher-url:researcher-url put-code="5575617" visibility="public" display-index="1">
            <common:created-date>2025-07-22T23:44:57.625Z</common:created-date>
            <common:last-modified-date>2025-07-22T23:44:57.625Z</common:last-modified-date>
            <common:source>
                <common:source-orcid>
                    <common:uri>https://orcid.org/0009-0002-1923-0773</common:uri>
                    <common:path>0009-0002-1923-0773</common:path>
                    <common:host>orcid.org</common:host>
                </common:source-orcid>
                <common:source-name>José Manuel  Mota Burruezo </common:source-name>
            </common:source>
            <researcher-url:url-name>Documentación tecnica y cientifica</researcher-url:url-name>
            <researcher-url:url>https://zenodo.org/search?q=metadata.creators.person_or_org.name%3A%22MOTA%20BURRUEZO%2C%20JOSE%20MANUEL%22&amp;l=list&amp;p=1&amp;s=10&amp;sort=bestmatch</researcher-url:url>
        </researcher-url:researcher-url>
    </researcher-url:researcher-urls>
    <email:emails>
        <email:email visibility="private" verified="true" primary="true">
            <common:created-date>2025-07-22T23:39:52.543Z</common:created-date>
            <common:last-modified-date>2025-07-22T23:49:30.253Z</common:last-modified-date>
            <common:source>
                <common:source-orcid>
                    <common:uri>https://orcid.org/0009-0002-1923-0773</common:uri>
                    <common:path>0009-0002-1923-0773</common:path>
                    <common:host>orcid.org</common:host>
                </common:source-orcid>
                <common:source-name>José Manuel  Mota Burruezo </common:source-name>
            </common:source>
            <email:email>motapromanager@gmail.com</email:email>
        </email:email>
        <email:email visibility="public" verified="true" primary="false">
            <common:created-date>2025-07-22T23:39:52.545Z</common:created-date>
            <common:last-modified-date>2025-07-25T23:09:34.420Z</common:last-modified-date>
            <common:source>
                <common:source-orcid>
                    <common:uri>https://orcid.org/0009-0002-1923-0773</common:uri>
                    <common:path>0009-0002-1923-0773</common:path>
                    <common:host>orcid.org</common:host>
                </common:source-orcid>
                <common:source-name>José Manuel  Mota Burruezo </common:source-name>
            </common:source>
            <email:email>institutoconsciencia@proton.me</email:email>
        </email:email>
    </email:emails>
    <address:addresses/>
    <keyword:keywords/>
    <external-identifier:external-identifiers/>
</person:person>
