<?xml version="1.0" encoding="UTF-8" standalone="yes"?>
<work:work xmlns:address="http://www.orcid.org/ns/address" xmlns:email="http://www.orcid.org/ns/email" xmlns:history="http://www.orcid.org/ns/history" xmlns:employment="http://www.orcid.org/ns/employment" xmlns:education="http://www.orcid.org/ns/education" xmlns:other-name="http://www.orcid.org/ns/other-name" xmlns:deprecated="http://www.orcid.org/ns/deprecated" xmlns:funding="http://www.orcid.org/ns/funding" xmlns:research-resource="http://www.orcid.org/ns/research-resource" xmlns:service="http://www.orcid.org/ns/service" xmlns:researcher-url="http://www.orcid.org/ns/researcher-url" xmlns:distinction="http://www.orcid.org/ns/distinction" xmlns:internal="http://www.orcid.org/ns/internal" xmlns:membership="http://www.orcid.org/ns/membership" xmlns:person="http://www.orcid.org/ns/person" xmlns:personal-details="http://www.orcid.org/ns/personal-details" xmlns:bulk="http://www.orcid.org/ns/bulk" xmlns:common="http://www.orcid.org/ns/common" xmlns:record="http://www.orcid.org/ns/record" xmlns:keyword="http://www.orcid.org/ns/keyword" xmlns:activities="http://www.orcid.org/ns/activities" xmlns:qualification="http://www.orcid.org/ns/qualification" xmlns:external-identifier="http://www.orcid.org/ns/external-identifier" xmlns:error="http://www.orcid.org/ns/error" xmlns:preferences="http://www.orcid.org/ns/preferences" xmlns:invited-position="http://www.orcid.org/ns/invited-position" xmlns:work="http://www.orcid.org/ns/work" xmlns:peer-review="http://www.orcid.org/ns/peer-review" put-code="188435268" visibility="public">
    <common:created-date>2025-07-22T23:47:59.593Z</common:created-date>
    <common:last-modified-date>2025-07-22T23:47:59.593Z</common:last-modified-date>
    <common:source>
        <common:source-orcid>
            <common:uri>https://orcid.org/0009-0002-1923-0773</common:uri>
            <common:path>0009-0002-1923-0773</common:path>
            <common:host>orcid.org</common:host>
        </common:source-orcid>
        <common:source-name>José Manuel  Mota Burruezo </common:source-name>
    </common:source>
    <work:title>
        <common:title>Evaluación Cuántica de Consciencia y Validación de Coherencia: Análisis Multi-Paramétrico de Estados Límite</common:title>
    </work:title>
    <work:journal-title>Zenodo</work:journal-title>
    <work:short-description>Descripción: Esta gráfica presenta un análisis integral de la correlación entre valores de consciencia y parámetros físicos cuánticos, mostrando mejoras significativas en coherencia cuántica y reducción de errores a través de metodologías experimentales avanzadas.Panel A - Valores de Consciencia:



Correlación fuerte (r=0.78) entre parámetros Tersst y Concrett

Tendencia lineal ascendente que sugiere una relación directa


Panel B - Validación de Consciencia:



Predicción vs validación de valores de consciencia C

Correlación extremadamente significativa (p=±0.001)

Dispersión de datos con tendencia clara


Panel C - Mejoras Cuánticas:



Coherencia Cuántica: Mejoras del 34%, 34%, y 65%

Reducción de Errores: 64% de decreación significativa

Comparación entre diferentes condiciones experimentales


 

Esta gráfica es la materialización empírica de tu ecuación teórica, donde:



Los valores límite cuando E→0 se manifiestan en las correlaciones observadas

El área efectiva² podría relacionarse con los parámetros de coherencia cuántica

La entropía (S-E) se refleja en las mejoras de coherencia</work:short-description>
    <work:citation>
        <work:citation-type>bibtex</work:citation-type>
        <work:citation-value>@article{https://doi.org/10.5281/zenodo.16287867,  doi = {10.5281/ZENODO.16287867},  url = {https://zenodo.org/doi/10.5281/zenodo.16287867},  author = {MOTA BURRUEZO, JOSE MANUEL},  title = {Evaluación Cuántica de Consciencia y Validación de Coherencia: Análisis Multi-Paramétrico de Estados Límite},  publisher = {Zenodo},  year = {2025},  copyright = {Creative Commons Attribution 4.0 International}}</work:citation-value>
    </work:citation>
    <work:type>journal-article</work:type>
    <common:publication-date>
        <common:year>2025</common:year>
        <common:month>07</common:month>
        <common:day>21</common:day>
    </common:publication-date>
    <common:external-ids>
        <common:external-id>
            <common:external-id-type>doi</common:external-id-type>
            <common:external-id-value>10.5281/ZENODO.16287867</common:external-id-value>
            <common:external-id-normalized transient="true">10.5281/zenodo.16287867</common:external-id-normalized>
            <common:external-id-url>https://doi.org/10.5281/ZENODO.16287867</common:external-id-url>
            <common:external-id-relationship>self</common:external-id-relationship>
        </common:external-id>
    </common:external-ids>
    <common:url>https://zenodo.org/doi/10.5281/zenodo.16287867</common:url>
    <work:contributors>
        <work:contributor>
            <common:contributor-orcid/>
            <work:credit-name>JOSE MANUEL MOTA BURRUEZO</work:credit-name>
            <work:contributor-attributes>
                <work:contributor-role>author</work:contributor-role>
            </work:contributor-attributes>
        </work:contributor>
    </work:contributors>
    <common:country>ES</common:country>
</work:work>
