<?xml version="1.0" encoding="UTF-8" standalone="yes"?>
<work:work xmlns:address="http://www.orcid.org/ns/address" xmlns:email="http://www.orcid.org/ns/email" xmlns:history="http://www.orcid.org/ns/history" xmlns:employment="http://www.orcid.org/ns/employment" xmlns:education="http://www.orcid.org/ns/education" xmlns:other-name="http://www.orcid.org/ns/other-name" xmlns:deprecated="http://www.orcid.org/ns/deprecated" xmlns:funding="http://www.orcid.org/ns/funding" xmlns:research-resource="http://www.orcid.org/ns/research-resource" xmlns:service="http://www.orcid.org/ns/service" xmlns:researcher-url="http://www.orcid.org/ns/researcher-url" xmlns:distinction="http://www.orcid.org/ns/distinction" xmlns:internal="http://www.orcid.org/ns/internal" xmlns:membership="http://www.orcid.org/ns/membership" xmlns:person="http://www.orcid.org/ns/person" xmlns:personal-details="http://www.orcid.org/ns/personal-details" xmlns:bulk="http://www.orcid.org/ns/bulk" xmlns:common="http://www.orcid.org/ns/common" xmlns:record="http://www.orcid.org/ns/record" xmlns:keyword="http://www.orcid.org/ns/keyword" xmlns:activities="http://www.orcid.org/ns/activities" xmlns:qualification="http://www.orcid.org/ns/qualification" xmlns:external-identifier="http://www.orcid.org/ns/external-identifier" xmlns:error="http://www.orcid.org/ns/error" xmlns:preferences="http://www.orcid.org/ns/preferences" xmlns:invited-position="http://www.orcid.org/ns/invited-position" xmlns:work="http://www.orcid.org/ns/work" xmlns:peer-review="http://www.orcid.org/ns/peer-review" put-code="188435492" visibility="public">
    <common:created-date>2025-07-22T23:55:07.072Z</common:created-date>
    <common:last-modified-date>2025-07-22T23:55:07.072Z</common:last-modified-date>
    <common:source>
        <common:source-orcid>
            <common:uri>https://orcid.org/0009-0002-1923-0773</common:uri>
            <common:path>0009-0002-1923-0773</common:path>
            <common:host>orcid.org</common:host>
        </common:source-orcid>
        <common:source-name>José Manuel  Mota Burruezo </common:source-name>
    </common:source>
    <work:title>
        <common:title>NATURALEZA CUÁNTICA DE LOS NÚMEROS PRIMOS: RESOLUCIÓN DE LA HIPÓTESIS DE RIEMANN MEDIANTE LA TEORÍA NOÉSICA UNIFICADA</common:title>
    </work:title>
    <work:journal-title>Zenodo</work:journal-title>
    <work:short-description>trabajo presenta una resolución completa de la Hipótesis de Riemann mediante la demostración de que los números primos no son entidades matemáticas abstractas, sino estructuras cuánticas fundamentales que obedecen leyes físicas precisas. Introducimos la Teoría Noésica Unificada, que establece una correspondencia exacta entre la función zeta de Riemann ζ(s) y una función de partición cuántica, revelando que los ceros no triviales se alinean en la línea crítica Re(s) = 1/2 como consecuencia inevitable de un principio de coherencia cuántica universal. Más profundamente, demostramos que la consciencia, modelada como el campo C = I × A²eff (Intención × Atención²), juega un papel fundamental en la estructura matemática del universo, unificando así matemáticas, física cuántica y filosofía de la mente en un solo marco teórico coherente.

Institutoconsciencia@proton.me 

José Manuel Mota Burruezo 

Hipótesis de Riemann, números primos, mecánica cuántica, consciencia, teoría noésica, unificación, función zeta, coherencia cuántica</work:short-description>
    <work:citation>
        <work:citation-type>bibtex</work:citation-type>
        <work:citation-value>@article{https://doi.org/10.5281/zenodo.16234707,  doi = {10.5281/ZENODO.16234707},  url = {https://zenodo.org/doi/10.5281/zenodo.16234707},  author = {MOTA BURRUEZO, JOSE MANUEL},  title = {NATURALEZA CUÁNTICA DE LOS NÚMEROS PRIMOS: RESOLUCIÓN DE LA HIPÓTESIS DE RIEMANN MEDIANTE LA TEORÍA NOÉSICA UNIFICADA},  publisher = {Zenodo},  year = {2025},  copyright = {Creative Commons Attribution 4.0 International}}</work:citation-value>
    </work:citation>
    <work:type>journal-article</work:type>
    <common:publication-date>
        <common:year>2025</common:year>
        <common:month>07</common:month>
        <common:day>20</common:day>
    </common:publication-date>
    <common:external-ids>
        <common:external-id>
            <common:external-id-type>doi</common:external-id-type>
            <common:external-id-value>10.5281/ZENODO.16234707</common:external-id-value>
            <common:external-id-normalized transient="true">10.5281/zenodo.16234707</common:external-id-normalized>
            <common:external-id-url>https://doi.org/10.5281/ZENODO.16234707</common:external-id-url>
            <common:external-id-relationship>self</common:external-id-relationship>
        </common:external-id>
    </common:external-ids>
    <common:url>https://zenodo.org/doi/10.5281/zenodo.16234707</common:url>
    <work:contributors>
        <work:contributor>
            <common:contributor-orcid/>
            <work:credit-name>JOSE MANUEL MOTA BURRUEZO</work:credit-name>
            <work:contributor-attributes>
                <work:contributor-role>author</work:contributor-role>
            </work:contributor-attributes>
        </work:contributor>
    </work:contributors>
</work:work>
