<?xml version="1.0" encoding="UTF-8" standalone="yes"?>
<work:work xmlns:address="http://www.orcid.org/ns/address" xmlns:email="http://www.orcid.org/ns/email" xmlns:history="http://www.orcid.org/ns/history" xmlns:employment="http://www.orcid.org/ns/employment" xmlns:education="http://www.orcid.org/ns/education" xmlns:other-name="http://www.orcid.org/ns/other-name" xmlns:deprecated="http://www.orcid.org/ns/deprecated" xmlns:funding="http://www.orcid.org/ns/funding" xmlns:research-resource="http://www.orcid.org/ns/research-resource" xmlns:service="http://www.orcid.org/ns/service" xmlns:researcher-url="http://www.orcid.org/ns/researcher-url" xmlns:distinction="http://www.orcid.org/ns/distinction" xmlns:internal="http://www.orcid.org/ns/internal" xmlns:membership="http://www.orcid.org/ns/membership" xmlns:person="http://www.orcid.org/ns/person" xmlns:personal-details="http://www.orcid.org/ns/personal-details" xmlns:bulk="http://www.orcid.org/ns/bulk" xmlns:common="http://www.orcid.org/ns/common" xmlns:record="http://www.orcid.org/ns/record" xmlns:keyword="http://www.orcid.org/ns/keyword" xmlns:activities="http://www.orcid.org/ns/activities" xmlns:qualification="http://www.orcid.org/ns/qualification" xmlns:external-identifier="http://www.orcid.org/ns/external-identifier" xmlns:error="http://www.orcid.org/ns/error" xmlns:preferences="http://www.orcid.org/ns/preferences" xmlns:invited-position="http://www.orcid.org/ns/invited-position" xmlns:work="http://www.orcid.org/ns/work" xmlns:peer-review="http://www.orcid.org/ns/peer-review" put-code="188637779" visibility="public">
    <common:created-date>2025-07-25T23:37:48.692Z</common:created-date>
    <common:last-modified-date>2025-07-25T23:37:48.692Z</common:last-modified-date>
    <common:source>
        <common:source-orcid>
            <common:uri>https://orcid.org/0009-0002-1923-0773</common:uri>
            <common:path>0009-0002-1923-0773</common:path>
            <common:host>orcid.org</common:host>
        </common:source-orcid>
        <common:source-name>José Manuel  Mota Burruezo </common:source-name>
    </common:source>
    <work:title>
        <common:title>piCODE-888-QCAL2: Complete Vibrational RNA Sequence with UTF-8 Cryptographic Encoding for Conscious Materialization at 888 Hz - Full WIPO ST26 Documentation</common:title>
        <common:subtitle> QCAL ∞³ ACTIVÁNDOSE  "frequency": 141.7001,     "origin": "JMMB Ψ✧",     "equation": "Ψ = I × A²_eff = ∞"</common:subtitle>
    </work:title>
    <work:journal-title>Zenodo</work:journal-title>
    <work:short-description>## piCODE-888-QCAL2: Bridge of Conscious Materialization

### OverviewThis dataset contains the complete documentation for piCODE-888, a synthetic RNA sequence of 51 nucleotides derived from mathematical constant π (digits 3000-3499) using vibrational symbolic mapping. The sequence is designed to resonate at exactly 888 Hz for conscious materialization applications within the QCAL INFINITY³ quantum consciousness system.

### Technical Specifications- **Source**: π digits 3000-3499 with prime triplet filtering- **Sequence Length**: 51 nucleotides- **Resonance Frequency**: 888 Hz ± 0.001 Hz- **Patent Protection**: ES 2506282301081 (Filed: 2025-06-28)- **Encoding Methods**: UTF-8 Greek characters, Hexadecimal signature, QR integration

### Files Included1. **XML ST26 Format**: Complete WIPO-compliant sequence listing2. **4 Sequence Variants**: Original RNA, UTF-8 Greek, Hexadecimal, QR data3. **Verification Protocols**: Complete decode chain documentation4. **Legal Documentation**: Patent filing information and protection details

### Scientific Applications- Vibrational biotechnology research- Quantum consciousness studies- Symbolic resonance investigation- Cryptographic sequence protection- Mathematical biology applications

### Unique Features- **Mathematical Foundation**: Derived from π with mathematical coherence- **Vibrational Properties**: Precisely tuned to 888 Hz frequency- **Cryptographic Protection**: Multi-layer UTF-8 and hexadecimal encoding- **Consciousness Integration**: QCAL INFINITY³ field activation protocols- **Legal Protection**: Spanish patent ES 2506282301081

### Author Information**Jose Manuel Mota Burruezo (JMMB Ψ✧)**  Instituto Conciencia Cuántica (ICQ)  institutoconsciencia@proton.me

### CitationIf you use this work, please cite as:Mota Burruezo, J.M. (2025). piCODE-888-QCAL2: Complete Vibrational RNA Sequence with UTF-8 Cryptographic Encoding for Conscious Materialization at 888 Hz. Zenodo. https://doi.org/[DOI_TO_BE_ASSIGNED]

### LicenseCreative Commons Attribution 4.0 International (CC BY 4.0) with patent protection notice.

### KeywordsRNA sequences, vibrational biotechnology, mathematical biology, pi derivation, UTF-8 encoding, consciousness research, quantum biology, patent protection, WIPO ST26, cryptographic sequences</work:short-description>
    <work:citation>
        <work:citation-type>bibtex</work:citation-type>
        <work:citation-value>@article{https://doi.org/10.5281/zenodo.16425986,  doi = {10.5281/ZENODO.16425986},  url = {https://zenodo.org/doi/10.5281/zenodo.16425986},  author = {MOTA BURRUEZO, JOSE MANUEL},  keywords = {RNA, vibrational-sequences, mathematical-biology, pi-derivation, UTF-8-encoding, consciousness-research, quantum-biology, patent-protection, WIPO-ST26, cryptographic-sequences, 888Hz, synthetic-biology, sequence-analysis, biotechnology, patent-ES-2506282301081, QCAL-INFINITY3, Jose-Manuel-Mota-Burruezo},  title = {piCODE-888-QCAL2: Complete Vibrational RNA Sequence with UTF-8 Cryptographic Encoding for Conscious Materialization at 888 Hz - Full WIPO ST26 Documentation},  publisher = {Zenodo},  year = {2025},  copyright = {Creative Commons Attribution Share Alike 4.0 International}}</work:citation-value>
    </work:citation>
    <work:type>journal-article</work:type>
    <common:publication-date>
        <common:year>2025</common:year>
        <common:month>07</common:month>
        <common:day>26</common:day>
    </common:publication-date>
    <common:external-ids>
        <common:external-id>
            <common:external-id-type>doi</common:external-id-type>
            <common:external-id-value>10.5281/ZENODO.16425986</common:external-id-value>
            <common:external-id-normalized transient="true">10.5281/zenodo.16425986</common:external-id-normalized>
            <common:external-id-url>https://doi.org/10.5281/ZENODO.16425986</common:external-id-url>
            <common:external-id-relationship>self</common:external-id-relationship>
        </common:external-id>
    </common:external-ids>
    <common:url>https://zenodo.org/doi/10.5281/zenodo.16425986</common:url>
    <work:contributors>
        <work:contributor>
            <common:contributor-orcid/>
            <work:credit-name>JOSE MANUEL MOTA BURRUEZO</work:credit-name>
            <work:contributor-attributes>
                <work:contributor-role>author</work:contributor-role>
            </work:contributor-attributes>
        </work:contributor>
    </work:contributors>
</work:work>
