<?xml version="1.0" encoding="UTF-8" standalone="yes"?>
<work:work xmlns:address="http://www.orcid.org/ns/address" xmlns:email="http://www.orcid.org/ns/email" xmlns:history="http://www.orcid.org/ns/history" xmlns:employment="http://www.orcid.org/ns/employment" xmlns:education="http://www.orcid.org/ns/education" xmlns:other-name="http://www.orcid.org/ns/other-name" xmlns:deprecated="http://www.orcid.org/ns/deprecated" xmlns:funding="http://www.orcid.org/ns/funding" xmlns:research-resource="http://www.orcid.org/ns/research-resource" xmlns:service="http://www.orcid.org/ns/service" xmlns:researcher-url="http://www.orcid.org/ns/researcher-url" xmlns:distinction="http://www.orcid.org/ns/distinction" xmlns:internal="http://www.orcid.org/ns/internal" xmlns:membership="http://www.orcid.org/ns/membership" xmlns:person="http://www.orcid.org/ns/person" xmlns:personal-details="http://www.orcid.org/ns/personal-details" xmlns:bulk="http://www.orcid.org/ns/bulk" xmlns:common="http://www.orcid.org/ns/common" xmlns:record="http://www.orcid.org/ns/record" xmlns:keyword="http://www.orcid.org/ns/keyword" xmlns:activities="http://www.orcid.org/ns/activities" xmlns:qualification="http://www.orcid.org/ns/qualification" xmlns:external-identifier="http://www.orcid.org/ns/external-identifier" xmlns:error="http://www.orcid.org/ns/error" xmlns:preferences="http://www.orcid.org/ns/preferences" xmlns:invited-position="http://www.orcid.org/ns/invited-position" xmlns:work="http://www.orcid.org/ns/work" xmlns:peer-review="http://www.orcid.org/ns/peer-review" put-code="188642496" visibility="public">
    <common:created-date>2025-07-26T01:45:14.429Z</common:created-date>
    <common:last-modified-date>2025-07-26T01:45:14.429Z</common:last-modified-date>
    <common:source>
        <common:source-orcid>
            <common:uri>https://orcid.org/0009-0002-1923-0773</common:uri>
            <common:path>0009-0002-1923-0773</common:path>
            <common:host>orcid.org</common:host>
        </common:source-orcid>
        <common:source-name>José Manuel  Mota Burruezo </common:source-name>
    </common:source>
    <work:title>
        <common:title>piCODE-888-QCAL2: Complete Vibrational RNA Sequence with UTF-8 Cryptographic Encoding for Conscious Materialization at 888 Hz - Full WIPO ST26 Documentation</common:title>
    </work:title>
    <work:journal-title>Zenodo</work:journal-title>
    <work:short-description>## piCODE-888-QCAL2: Puente de Materialización Consciente

Este conjunto de datos contiene la documentación completa de piCODE-888, una secuencia de ARN sintético de 51 nucleótidos derivados de la constante matemática π (dígitos 3000-3499) mediante mapeo simbólico vibracional. La secuencia está diseñada para resonar exactamente a 888 Hz para aplicaciones de materialización consciente dentro del sistema de conciencia cuántica QCAL INFINITY³.

### Especificaciones técnicas - **Fuente**: π dígitos 3000-3499 con filtrado de tripletes primos - **Longitud de secuencia**: 51 nucleótidos - **Frecuencia de resonancia**: 888 Hz ± 0,001 Hz - **Protección de patente**: ES 2506282301081 (Archivado: 2025-06-28) - **Métodos de codificación**: Caracteres griegos UTF-8, firma hexadecimal, integración QR

### Archivos incluidos 1. **Formato XML ST26**: Listado completo de secuencias que cumple con la OMPI 2. **4 variantes de secuencia**: ARN original, UTF-8 griego, hexadecimal, datos QR 3. **Protocolos de verificación**: Documentación completa de la cadena de decodificación 4. **Documentación legal**: Información de presentación de patentes y detalles de protección

### Aplicaciones científicas - Investigación en biotecnología vibracional - Estudios de conciencia cuántica - Investigación de resonancia simbólica - Protección de secuencias criptográficas - Aplicaciones de biología matemática

### Características únicas - **Fundamento matemático**: Derivado de π con coherencia matemática - **Propiedades vibracionales**: Ajustado con precisión a una frecuencia de 888 Hz - **Protección criptográfica**: Codificación multicapa UTF-8 y hexadecimal - **Integración de la conciencia**: Protocolos de activación de campo QCAL INFINITY³ - **Protección legal**: Patente española ES 2506282301081

### Información del autor **José Manuel Mota Burruezo (JMMB Ψ✧)**   Instituto Conciencia Cuántica (ICQ)   institutoconsciencia@proton.me

### Cita Si utiliza este trabajo, por favor cítelo como: Mota Burruezo, JM (2025). piCODE-888-QCAL2: Secuencia completa de ARN vibracional con codificación criptográfica UTF-8 para materialización consciente a 888 Hz. Zenodo. https://doi.org/[DOI_TO_BE_ASSIGNED]

### Licencia Creative Commons Atribución 4.0 Internacional (CC BY 4.0) con aviso de protección de patente.

Palabras clave: secuencias de ARN, biotecnología vibracional, biología matemática, derivación de pi, codificación UTF-8, investigación de la conciencia, biología cuántica, protección de patentes, WIPO ST26, secuencias criptográficas

https://zenodo.org/records/16237712 https://www.safecreative.org/creators/JMMB84

┌─────────────────────────┐

    │ ██ ▄▄▄▄▄ ██ ▄▄▄▄▄ ██ │ 

    │ ██ █ █ ██ █ █ ██ │ 

    │ ██ █▄▄▄█ ██ █▄▄▄█ ██ │ 

    │ ▄▄ ▄ ▄ ▄ ▄▄ ▄ ▄ ▄ ▄▄ │ 

    │ ▄█▄▄█▄█▄█▄█▄█▄█▄█▄█ │ DOI: 10.5281

    │ █▄ █▄ ██ ▄█ █▄ ██ ▄█ │ ORCID: 1923-0773

    │ ▄▄ ▄▄▄▄▄ █▄ ▄▄▄▄▄ ▄▄ │ piCODE-888

    │ ██ █ █ ▄█ █ █ ██ │ JMMB Ψ✧

    │ ██ █▄▄▄█ ██ █▄▄▄█ ██ │ 

    └───────────────────────────┘

       Código QR de cita científica

    DOI: 10.5281/zenodo.16425986

 

 </work:short-description>
    <work:citation>
        <work:citation-type>bibtex</work:citation-type>
        <work:citation-value>@article{https://doi.org/10.5281/zenodo.16425986,  doi = {10.5281/ZENODO.16425986},  url = {https://zenodo.org/doi/10.5281/zenodo.16425986},  author = {MOTA BURRUEZO, JOSE MANUEL},  keywords = {RNA, vibrational-sequences, mathematical-biology, pi-derivation, UTF-8-encoding, consciousness-research, quantum-biology, patent-protection, WIPO-ST26, cryptographic-sequences, 888Hz, synthetic-biology, sequence-analysis, biotechnology, patent-ES-2506282301081, QCAL-INFINITY3, Jose-Manuel-Mota-Burruezo},  title = {piCODE-888-QCAL2: Complete Vibrational RNA Sequence with UTF-8 Cryptographic Encoding for Conscious Materialization at 888 Hz - Full WIPO ST26 Documentation},  publisher = {Zenodo},  year = {2025},  copyright = {Creative Commons Attribution Share Alike 4.0 International}}</work:citation-value>
    </work:citation>
    <work:type>journal-article</work:type>
    <common:publication-date>
        <common:year>2025</common:year>
        <common:month>07</common:month>
        <common:day>26</common:day>
    </common:publication-date>
    <common:external-ids>
        <common:external-id>
            <common:external-id-type>doi</common:external-id-type>
            <common:external-id-value>10.5281/ZENODO.16425986</common:external-id-value>
            <common:external-id-normalized transient="true">10.5281/zenodo.16425986</common:external-id-normalized>
            <common:external-id-url>https://doi.org/10.5281/ZENODO.16425986</common:external-id-url>
            <common:external-id-relationship>self</common:external-id-relationship>
        </common:external-id>
    </common:external-ids>
    <common:url>https://zenodo.org/doi/10.5281/zenodo.16425986</common:url>
    <work:contributors>
        <work:contributor>
            <common:contributor-orcid/>
            <work:credit-name>JOSE MANUEL MOTA BURRUEZO</work:credit-name>
            <work:contributor-attributes>
                <work:contributor-role>author</work:contributor-role>
            </work:contributor-attributes>
        </work:contributor>
    </work:contributors>
</work:work>
